"week","content_type","target_keyword","url","search_intent"
"1","money guide","s9 game alternative","compare/alternatives","Primary ranking page"
"1","faq","how to use s9 game alternative","faq","Question intent"
"2","update","s9 game alternative latest update","updates","Freshness"
"2","support","Feature Checklist","compare/features","Problem solving"
"3","comparison","s9 game alternative alternative","blog/ranking-review","Comparison intent"
"3","trust","is s9 game alternative safe","blog/search-intent-map","Trust intent"
"4","local","s9 game alternative pakistan","compare/payments","Regional intent"
"4","maintenance","S9 Compare Index weekly check","blog/weekly-check","Update rhythm"
"5","long-tail article","s9 game alternative s9 alternative list","blog/s9-alternative-list","Long-tail supporting page"
"5","long-tail article","s9 game alternative feature comparison table","blog/feature-comparison-table","Long-tail supporting page"
"6","long-tail article","s9 game alternative payment method comparison","blog/payment-method-comparison","Long-tail supporting page"
"6","long-tail article","s9 game alternative s9 vs b9 review","blog/s9-vs-b9-review","Long-tail supporting page"
"7","long-tail article","s9 game alternative download site comparison","blog/download-site-comparison","Long-tail supporting page"
"7","long-tail article","s9 game alternative choice checklist","blog/choice-checklist","Long-tail supporting page"
"8","weekly update","s9 game alternative week 01 alternative list refresh","updates/week-01-alternative-list-refresh","Freshness and maintenance page"
"8","weekly update","s9 game alternative week 02 feature table update","updates/week-02-feature-table-update","Freshness and maintenance page"
"9","weekly update","s9 game alternative week 03 payment method comparison","updates/week-03-payment-method-comparison","Freshness and maintenance page"
"9","weekly update","s9 game alternative week 04 s9 vs b9 review","updates/week-04-s9-vs-b9-review","Freshness and maintenance page"
"10","weekly update","s9 game alternative week 05 download site comparison","updates/week-05-download-site-comparison","Freshness and maintenance page"
"10","weekly update","s9 game alternative week 06 choice checklist","updates/week-06-choice-checklist","Freshness and maintenance page"
"11","weekly update","s9 game alternative week 07 risk comparison","updates/week-07-risk-comparison","Freshness and maintenance page"
"11","weekly update","s9 game alternative week 08 support path review","updates/week-08-support-path-review","Freshness and maintenance page"
"12","weekly update","s9 game alternative week 09 faq rewrite","updates/week-09-faq-rewrite","Freshness and maintenance page"
"12","weekly update","s9 game alternative week 10 internal link pass","updates/week-10-internal-link-pass","Freshness and maintenance page"
"13","weekly update","s9 game alternative week 11 serp title test","updates/week-11-serp-title-test","Freshness and maintenance page"
"13","weekly update","s9 game alternative week 12 content pruning","updates/week-12-content-pruning","Freshness and maintenance page"
"sprint-2026-06-13","long-tail support","s9 game alternative s9 game alternative checklist for pakistan users","blog/s9-game-alternative-checklist","alternative comparison page 1"
"sprint-2026-06-13","long-tail support","s9 game alternative s9 vs b9 register path: access comparison","blog/s9-vs-b9-register-path","brand comparison page 2"
"sprint-2026-06-13","long-tail support","s9 game alternative download site comparison notes: what to verify","blog/download-site-comparison-notes","download comparison page 3"
"register-login-2026-06-13","register-login cluster","s9 game alternative s9 register pages competitor gap analysis","blog/s9-register-pages-competitor-gap","competitor gap"
"register-login-2026-06-13","register-login cluster","s9 game alternative s9 login pages competitor gap analysis","blog/s9-login-pages-competitor-gap","login competitor gap"
"register-login-2026-06-13","register-login cluster","s9 game alternative s9 register and login content map","blog/register-login-content-map","content architecture"
"account-wallet-support-2026-06-13","support cluster","s9 support pages vs competitors","blog/s9-support-pages-vs-competitors","SERP comparison"
"account-wallet-support-2026-06-13","support cluster","s9 deposit and withdraw comparison map","blog/s9-deposit-withdraw-comparison-map","SERP comparison"
